{
  "strategies": [
    "mean_prob",
    "max_prob",
    "vote",
    "stacker"
  ],
  "results": {
    "b02v3_val": {
      "single_best": {
        "head": "mlp_up_0_0",
        "auc": 0.9772263071895424,
        "ap": 0.9444259027488064,
        "n": 308,
        "n_pos": 36
      },
      "mean_prob": {
        "auc": 0.9804942810457515,
        "ap": 0.9408318119127805,
        "n": 308,
        "n_pos": 36
      },
      "max_prob": {
        "auc": 0.9827410130718954,
        "ap": 0.9407593242810347,
        "n": 308,
        "n_pos": 36
      },
      "vote": {
        "auc": 0.9545036764705881,
        "ap": 0.9172909438866885,
        "n": 308,
        "n_pos": 36
      },
      "stacker": {
        "auc": 0.9760008169934641,
        "ap": 0.9403450035802978,
        "n": 308,
        "n_pos": 36
      }
    }
  },
  "n_heads": 10
}