{
  "down.2.1": {
    "A01_pixel_eps4_n200": {
      "A01_pixel_eps4_n200": 1.0,
      "A02_latent_eps0.1_n200": 0.7543859649122807,
      "A03_emb_eps0.5_n200": 0.6129032258064516
    },
    "A02_latent_eps0.1_n200": {
      "A01_pixel_eps4_n200": 0.7543859649122807,
      "A02_latent_eps0.1_n200": 1.0,
      "A03_emb_eps0.5_n200": 0.639344262295082
    },
    "A03_emb_eps0.5_n200": {
      "A01_pixel_eps4_n200": 0.6129032258064516,
      "A02_latent_eps0.1_n200": 0.639344262295082,
      "A03_emb_eps0.5_n200": 1.0
    }
  },
  "mid.0": {
    "A01_pixel_eps4_n200": {
      "A01_pixel_eps4_n200": 1.0,
      "A02_latent_eps0.1_n200": 0.5873015873015873,
      "A03_emb_eps0.5_n200": 0.5384615384615384
    },
    "A02_latent_eps0.1_n200": {
      "A01_pixel_eps4_n200": 0.5873015873015873,
      "A02_latent_eps0.1_n200": 1.0,
      "A03_emb_eps0.5_n200": 0.47058823529411764
    },
    "A03_emb_eps0.5_n200": {
      "A01_pixel_eps4_n200": 0.5384615384615384,
      "A02_latent_eps0.1_n200": 0.47058823529411764,
      "A03_emb_eps0.5_n200": 1.0
    }
  },
  "up.0.0": {
    "A01_pixel_eps4_n200": {
      "A01_pixel_eps4_n200": 1.0,
      "A02_latent_eps0.1_n200": 0.7543859649122807,
      "A03_emb_eps0.5_n200": 0.5625
    },
    "A02_latent_eps0.1_n200": {
      "A01_pixel_eps4_n200": 0.7543859649122807,
      "A02_latent_eps0.1_n200": 1.0,
      "A03_emb_eps0.5_n200": 0.5151515151515151
    },
    "A03_emb_eps0.5_n200": {
      "A01_pixel_eps4_n200": 0.5625,
      "A02_latent_eps0.1_n200": 0.5151515151515151,
      "A03_emb_eps0.5_n200": 1.0
    }
  },
  "up.0.1": {
    "A01_pixel_eps4_n200": {
      "A01_pixel_eps4_n200": 1.0,
      "A02_latent_eps0.1_n200": 0.7857142857142857,
      "A03_emb_eps0.5_n200": 0.7241379310344828
    },
    "A02_latent_eps0.1_n200": {
      "A01_pixel_eps4_n200": 0.7857142857142857,
      "A02_latent_eps0.1_n200": 1.0,
      "A03_emb_eps0.5_n200": 0.639344262295082
    },
    "A03_emb_eps0.5_n200": {
      "A01_pixel_eps4_n200": 0.7241379310344828,
      "A02_latent_eps0.1_n200": 0.639344262295082,
      "A03_emb_eps0.5_n200": 1.0
    }
  }
}