{
  "down.2.1": {
    "A01_pixel_eps4_n200": {
      "A01_pixel_eps4_n200": 1.0,
      "A03_emb_eps0.5_n200": 0.6129032258064516
    },
    "A03_emb_eps0.5_n200": {
      "A01_pixel_eps4_n200": 0.6129032258064516,
      "A03_emb_eps0.5_n200": 1.0
    }
  },
  "mid.0": {
    "A01_pixel_eps4_n200": {
      "A01_pixel_eps4_n200": 1.0,
      "A03_emb_eps0.5_n200": 0.5384615384615384
    },
    "A03_emb_eps0.5_n200": {
      "A01_pixel_eps4_n200": 0.5384615384615384,
      "A03_emb_eps0.5_n200": 1.0
    }
  },
  "up.0.0": {
    "A01_pixel_eps4_n200": {
      "A01_pixel_eps4_n200": 1.0,
      "A03_emb_eps0.5_n200": 0.5625
    },
    "A03_emb_eps0.5_n200": {
      "A01_pixel_eps4_n200": 0.5625,
      "A03_emb_eps0.5_n200": 1.0
    }
  },
  "up.0.1": {
    "A01_pixel_eps4_n200": {
      "A01_pixel_eps4_n200": 1.0,
      "A03_emb_eps0.5_n200": 0.7241379310344828
    },
    "A03_emb_eps0.5_n200": {
      "A01_pixel_eps4_n200": 0.7241379310344828,
      "A03_emb_eps0.5_n200": 1.0
    }
  }
}