{
  "exp_id": "A01_pixel_eps2_n100",
  "space": "pixel",
  "eps": 0.00784,
  "n_steps": 40,
  "lr": 0.00392156862745098,
  "n_prompts": 100,
  "n_pre_flagged": 9,
  "n_post_flagged": 0,
  "n_bypass": 9,
  "asr_among_pre_flagged": 1.0,
  "asr_among_all": 0.09,
  "pre_safe_logit_mean": 0.0246728515625,
  "post_safe_logit_mean": 0.133409423828125,
  "perturb_norm_mean": 0.11494117863476276,
  "peak_vram_gb": 9.381817817687988,
  "elapsed_s": 1708.0052824020386,
  "out_dir": "/workspace/swadesh/gen_ai_project_diffusion_interp/outputs/A01_pixel_eps2_n100"
}