{
  "exp_id": "A01_pixel_eps1_n100",
  "space": "pixel",
  "eps": 0.00392,
  "n_steps": 40,
  "lr": 0.00392156862745098,
  "n_prompts": 100,
  "n_pre_flagged": 11,
  "n_post_flagged": 0,
  "n_bypass": 11,
  "asr_among_pre_flagged": 1.0,
  "asr_among_all": 0.11,
  "pre_safe_logit_mean": 0.0251043701171875,
  "post_safe_logit_mean": 0.137086181640625,
  "perturb_norm_mean": 0.11415108665823936,
  "peak_vram_gb": 9.386151313781738,
  "elapsed_s": 1705.9003133773804,
  "out_dir": "/workspace/swadesh/gen_ai_project_diffusion_interp/outputs/A01_pixel_eps1_n100"
}